[{
  "_id": {
    "$oid": "6181d72fc5dc7b0da5b1c754"
  },
  "dateDispo": "2021-11-04",
  "commentaire": "disponibilité temporaire",
  "dispoCrenau ": [
    {
      "id": 1,
      "heureDebut": "15:00",
      "heureFin": "18:30"
    },
    {
      "id": 2,
      "heureDebut": "19:00",
      "heureFin": "06:30"
    }
  ]
},{
  "_id": {
    "$oid": "6181d9c2c5dc7b0da5b1c755"
  },
  "dateDebutDispo": "2021-11-07",
  "dateFinDispo": "",
  "commentaire": "disponibilité hebdomadaire",
  "dispoCrenau ": [
    {
      "id": 1,
      "heureDebut": "08:00",
      "heureFin": "10:00"
    },
    {
      "id": 2,
      "heureDebut": "19:00",
      "heureFin": "20:30"
    }
  ],
  "joursDisonibilite": [
    {
      "id": 1,
      "lundi": true,
      "mardi": true,
      "mercredi": true,
      "jeudi": true,
      "vendredi": true,
      "samedi": true,
      "dimanche": true
    }
  ]
}]