[{
  "_id": {
    "$oid": "6181d3abc5dc7b0da5b1c751"
  },
  "nom": "Parking Taraji",
  "emplacement": "78",
  "surface": 7,
  "hauteur": 7,
  "niveau": -1,
  "nro": 146,
  "rue": "rue de Landy",
  "codePostal": "93200",
  "ville": "Saint-Denis",
  "latitude": "48.90672162143236",
  "longitude": "2.4459093106526453",
  "couvert": true,
  "charge": false,
  "typeVhicule": [
    {
      "utilitaire": true,
      "particulier": true,
      "bus": false,
      "camionette": true,
      "camion": false,
      "caravane": false,
      "semiRemorque": false,
      "remorque": false,
      "ambulance": true,
      "moto": false,
      "velo": false
    }
  ],
  "disponibiltes": [
    {
      "$ref": "disponibiltes",
      "$id": {
        "$oid": "6181d72fc5dc7b0da5b1c754"
      }
    },
    {
      "$ref": "disponibiltes",
      "$id": {
        "$oid": "6181d9c2c5dc7b0da5b1c755"
      }
    }
  ],
  "images": [
    {
      "image1": "https://prod-assets.onepark.fr/media/W1siZiIsIjIwMTgvMDIvMTUvMTYvMzUvMDYvNTQ4LzM5Xzc1MDZfUGFyaXMuanBnIl0sWyJwIiwidGh1bWIiLCI3Mjh4NzI4IyIseyJmb3JtYXQiOiJqcGcifV1d/Parking%20Public%20SAEMES%20OD%C3%89ON%20%20%28Couvert%29?sha=0c1bbf57324c599b"
    },
    {
      "image2": "https://www.france-hotel-guide.com/fr/blog/wp-content/uploads/parking-paris.jpg"
    }
  ],
  "ratings": [
    {
      "rating": 4.5
    },
    {
      "rating": 5
    }
  ]
},{
  "_id": {
    "$oid": "61840e1cc5dc7b0da5b1c773"
  },
  "nom": "Parking Taraji 2",
  "emplacement": "1",
  "surface": 7,
  "hauteur": 7,
  "niveau": "RDC",
  "nro": "55",
  "rue": "Avenue du Président Salvador Allende",
  "codePostal": "93000",
  "ville": "Bobigny",
  "latitude": "48.9154292",
  "longitude": "2.3601982",
  "couvert": false,
  "charge": true,
  "typeVhicule": [
    {
      "utilitaire": true,
      "particulier": true,
      "bus": false,
      "camionette": true,
      "camion": false,
      "caravane": false,
      "semiRemorque": false,
      "remorque": false,
      "ambulance": true,
      "moto": false,
      "velo": false
    }
  ],
  "disponibiltes": [
    {
      "$ref": "disponibiltes",
      "$id": {
        "$oid": "6181d72fc5dc7b0da5b1c754"
      }
    },
    {
      "$ref": "disponibiltes",
      "$id": {
        "$oid": "6181d9c2c5dc7b0da5b1c755"
      }
    }
  ],
  "images": [
    {
      "image1": "https://storage.googleapis.com/cpark-static-images/parking-pictures/images/parking-haussmann-berri-paris1.jpg"
    },
    {
      "image2": "https://www.france-hotel-guide.com/fr/blog/wp-content/uploads/parking-paris.jpg"
    }
  ],
  "ratings": [
    {
      "rating": 4.5
    },
    {
      "rating": 5
    }
  ]
},{
  "_id": {
    "$oid": "6189ca71c5dc7b0da5b1c774"
  },
  "nom": "Parking Taraji 3",
  "emplacement": "1",
  "surface": 7,
  "hauteur": 7,
  "niveau": "RDC",
  "nro": "28",
  "rue": "Rue barbarusse",
  "codePostal": "93000",
  "ville": "Bobigny",
  "latitude": "48.5454292",
  "longitude": "2.2601982",
  "couvert": false,
  "charge": true,
  "typeVhicule": [
    {
      "utilitaire": true,
      "particulier": true,
      "bus": false,
      "camionette": true,
      "camion": false,
      "caravane": false,
      "semiRemorque": false,
      "remorque": false,
      "ambulance": true,
      "moto": false,
      "velo": false
    }
  ],
  "disponibiltes": [
    {
      "$ref": "disponibiltes",
      "$id": {
        "$oid": "6181d72fc5dc7b0da5b1c754"
      }
    },
    {
      "$ref": "disponibiltes",
      "$id": {
        "$oid": "6181d9c2c5dc7b0da5b1c755"
      }
    }
  ],
  "images": [
    {
      "image1": "https://storage.googleapis.com/cpark-static-images/parking-pictures/images/parking-haussmann-berri-paris1.jpg"
    },
    {
      "image2": "https://www.france-hotel-guide.com/fr/blog/wp-content/uploads/parking-paris.jpg"
    }
  ],
  "ratings": [
    {
      "rating": 4.5
    },
    {
      "rating": 5
    }
  ]
}]