[{
  "_id": {
    "$oid": "6181d0d9c5dc7b0da5b1c74e"
  },
  "username": "bmlaghui@gmail.com",
  "nom": "MLAGHUI",
  "prenom": "Brahim",
  "image": "https://image.freepik.com/free-photo/close-up-confident-male-employee-white-collar-shirt-smiling-camera-standing-self-assured-against-studio-background_1258-26761.jpg",
  "active": false,
  "password": "taraji1919",
  "telephone": "0767510038",
  "codePostal": "75005",
  "ville": "Paris 5eme",
  "No": "07",
  "rue": "Rue Nicolas HOUEL",
  "complemetAdresse": "chez Caroll GOMEZ-BEN ELHADJ"
}]